full_name,position,team,opponent,projected_score,range_low,range_high,confidence_label,confidence_score,risk_tier,std_dev,floor,ceiling,vegas_implied_total,season_avg_pts,season_avg_rec,spread,rank_funnel
Amon-Ra St. Brown,WR,DET,PIT,26.486538461538462,15.896715093117297,37.07636182995962,Medium Confidence,60.01809227053651,Boom/Bust,10.589823368421165,6.2,41.4,29.25,21.146153846153844,7.230769230769231,-7.0,11.0
Puka Nacua,WR,LAR,SEA,25.51538461538462,16.66302725876877,34.367741972000466,Medium Confidence,65.30580475248537,Volatile,8.85235735661585,4.8,36.0,23.0,22.06153846153846,7.846153846153846,-1.5,6.0
Jaxon Smith-Njigba,WR,SEA,LAR,23.828857142857146,15.921449988037818,31.736264297676474,Medium Confidence,66.81583549133985,Volatile,7.907407154819329,4.3,37.1,21.5,21.835714285714285,6.857142857142857,1.5,5.0
Drake London,WR,ATL,ARI,23.733333333333334,12.509474816762484,34.957191849904184,Medium Confidence,52.7084613065835,Boom/Bust,11.22385851657085,5.9,38.8,25.0,19.666666666666668,6.666666666666667,-2.5,18.0
Ja'Marr Chase,WR,CIN,MIA,21.957794871794874,10.675979460507602,33.23961028308214,Medium Confidence,48.620453569411296,Boom/Bust,11.281815411287273,4.6,38.1,26.5,18.853846153846153,7.769230769230769,-2.5,26.0
CeeDee Lamb,WR,DAL,LAC,21.161200000000004,17.507039509697357,24.815360490302652,High Confidence,82.73178983090445,Safe,3.654160490302648,11.5,24.2,25.5,17.880000000000003,6.3,-1.5,23.0
Rashee Rice,WR,KC,TEN,20.666,12.554467204916554,28.777532795083445,Medium Confidence,60.749381616745154,Volatile,8.111532795083447,7.4,29.4,20.5,18.7625,6.625,-3.5,15.0
George Pickens,WR,DAL,LAC,19.775142857142857,10.409916083194855,29.14036963109086,Medium Confidence,52.64142038516174,Volatile,9.365226773948002,6.0,33.4,25.5,18.014285714285712,5.785714285714286,-1.5,23.0
Jameson Williams,WR,DET,PIT,18.259666666666668,9.71349970732345,26.805833626009886,Medium Confidence,53.19647880021605,Volatile,8.546166959343218,2.0,26.9,29.25,15.733333333333334,4.333333333333333,-7.0,11.0
Zay Flowers,WR,BAL,NE,17.744904761904763,11.09318846681748,24.396621056992046,Medium Confidence,62.51478165514101,Volatile,6.651716295087282,0.6,28.1,25.75,12.807142857142859,5.071428571428571,-3.0,7.0
Nico Collins,WR,HOU,LV,17.62897435897436,11.087136618274808,24.170812099673913,Medium Confidence,62.89155791205001,Volatile,6.541837740699553,5.5,24.2,26.5,15.96923076923077,4.923076923076923,-14.5,21.0
A.J. Brown,WR,PHI,WAS,16.779846153846158,6.338115282494245,27.221577025198073,Low Confidence,37.77218947291401,Boom/Bust,10.441730871351913,1.8,35.2,25.5,14.615384615384615,4.923076923076923,-6.5,19.0
Tee Higgins,WR,CIN,MIA,16.499333333333333,7.4116335210162525,25.587033145650413,Low Confidence,44.92080601852349,Volatile,9.08769981231708,2.5,33.1,26.5,14.058333333333332,3.8333333333333335,-2.5,26.0
Courtland Sutton,WR,DEN,JAX,16.456428571428575,9.239385251223666,23.673471891633483,Medium Confidence,56.14453470946278,Volatile,7.217043320204909,1.6,24.3,24.25,13.542857142857143,4.5,-3.0,1.0
Davante Adams,WR,LAR,SEA,15.612380952380956,8.772995175704969,22.451766729056942,Medium Confidence,56.19255129927539,Volatile,6.839385776675988,6.9,26.5,23.0,15.921428571428573,4.285714285714286,-1.5,6.0
Mike Evans,WR,TB,CAR,15.509000000000002,11.332079284129678,19.685920715870324,Medium Confidence,73.06776248713442,Safe,4.176920715870324,10.1,19.2,24.25,13.3,5.0,-3.0,17.0
Michael Pittman,WR,IND,SF,15.464809523809524,8.154163215134112,22.775455832484937,Medium Confidence,52.727214018252305,Volatile,7.310646308675412,2.3,23.5,20.25,13.464285714285714,5.142857142857143,6.0,9.0
Chris Olave,WR,NO,NYJ,15.378190476190476,9.953800096709017,20.802580855671934,Medium Confidence,64.72673174467533,Safe,5.424390379481458,6.0,26.8,22.5,14.735714285714286,5.857142857142857,-4.5,29.0
Jauan Jennings,WR,SF,IND,14.959666666666667,8.960051780036126,20.95928155329721,Medium Confidence,59.894728804359225,Volatile,5.999614886630541,1.7,19.9,26.25,11.291666666666666,3.6666666666666665,-6.0,2.0
Wan'Dale Robinson,WR,NYG,MIN,14.373000000000001,6.23997142227117,22.506028577728834,Low Confidence,43.41453713400939,Volatile,8.133028577728831,3.6,30.6,20.25,13.6,5.571428571428571,3.0,27.0
Troy Franklin,WR,DEN,JAX,13.82252380952381,6.059013784278275,21.586033834769346,Low Confidence,43.83435230622338,Volatile,7.763510025245535,2.8,26.9,24.25,11.485714285714286,4.071428571428571,-3.0,1.0
Christian Watson,WR,GB,CHI,13.530666666666669,6.396243073971882,20.665090259361456,Medium Confidence,47.272194575077954,Volatile,7.1344235926947865,5.9,24.9,24.0,13.3,3.5,-1.5,22.0
Emeka Egbuka,WR,TB,CAR,13.51052380952381,5.104243451925127,21.916804167122493,Low Confidence,37.779759866357324,Volatile,8.406280357598684,3.5,31.3,24.25,13.135714285714286,4.142857142857143,-3.0,17.0
DeVonta Smith,WR,PHI,WAS,13.260666666666667,5.017464338967523,21.50386899436581,Low Confidence,37.837195256403824,Volatile,8.243202327699144,1.8,33.3,25.5,12.35,4.714285714285714,-6.5,19.0
Quentin Johnston,WR,LAC,DAL,13.232000000000001,6.283458986073248,20.180541013926753,Medium Confidence,47.486842397772435,Volatile,6.948541013926753,2.8,24.9,24.0,13.6,4.2,1.5,8.0
Michael Wilson,WR,ARI,ATL,13.076666666666668,1.7366083300917161,24.41672500324162,Low Confidence,13.280206449847427,Boom/Bust,11.340058336574952,1.5,37.2,22.5,11.9,4.714285714285714,2.5,24.0
Jakobi Meyers,WR,JAX,DEN,13.075358974358975,8.39732793994136,17.75339000877659,Medium Confidence,64.22254223695637,Safe,4.678031034417617,6.3,21.3,21.25,11.53076923076923,4.615384615384615,3.0,3.0
DK Metcalf,WR,PIT,DET,12.67452380952381,6.571200989080061,18.77784662996756,Medium Confidence,51.84574259225716,Volatile,6.10332282044375,2.6,23.6,22.25,12.785714285714286,3.9285714285714284,7.0,10.0
Ricky Pearsall,WR,SF,IND,12.653,5.844510026864569,19.461489973135432,Medium Confidence,46.19070597379727,Volatile,6.808489973135432,1.0,19.7,26.25,9.3875,3.875,-6.0,2.0
Tetairoa McMillan,WR,CAR,TB,12.622142857142858,5.66064355544983,19.583642158835886,Low Confidence,44.846929871709364,Volatile,6.961499301693029,4.5,33.0,21.25,12.864285714285714,4.214285714285714,3.0,4.0
Lil'Jordan Humphrey,WR,DEN,JAX,12.495666666666668,4.4956666666666685,20.49566666666667,Low Confidence,35.97780563928829,Volatile,8.0,5.7,13.2,24.25,9.466666666666667,3.3333333333333335,-3.0,1.0
Marvin Harrison,WR,ARI,ATL,12.339600000000003,6.212392914657882,18.466807085342122,Medium Confidence,50.34517257170314,Volatile,6.12720708534212,4.7,22.6,22.5,12.540000000000001,4.0,2.5,24.0
Khalil Shakir,WR,BUF,CLE,12.164619047619047,6.001305931167103,18.32793216407099,Medium Confidence,49.33410497833653,Volatile,6.163313116451944,0.7,20.8,26.25,10.678571428571429,4.428571428571429,-10.0,20.0
Ryan Flournoy,WR,DAL,LAC,12.144933333333334,4.624413256754705,19.66545340991196,Low Confidence,38.07689288884285,Volatile,7.520520076578629,1.7,26.5,25.5,9.239999999999998,3.3,-1.5,23.0
Terry McLaurin,WR,WAS,PHI,12.094285714285718,6.067757060155911,18.120814368415523,Medium Confidence,50.17044580804555,Volatile,6.026528654129807,4.7,22.6,19.0,12.12857142857143,3.7142857142857144,6.5,25.0
Ladd McConkey,WR,LAC,DAL,11.90057142857143,4.868834113346289,18.932308743796572,Low Confidence,40.91260779005093,Volatile,7.031737315225141,2.1,23.0,24.0,11.607142857142858,4.357142857142857,1.5,8.0
Brian Thomas,WR,JAX,DEN,11.852272727272728,6.637625524005238,17.06691993054022,Medium Confidence,56.00297661672683,Safe,5.21464720326749,4.8,23.0,21.25,10.836363636363636,3.5454545454545454,3.0,3.0
Keenan Allen,WR,LAC,DAL,11.823619047619049,4.6551594371578755,18.992078658080224,Low Confidence,39.37169675722338,Volatile,7.1684596104611735,3.9,28.9,24.0,11.428571428571429,4.857142857142857,1.5,8.0
Devontez Walker,WR,BAL,NE,11.741666666666669,3.741666666666669,19.741666666666667,Low Confidence,31.86657203690561,Volatile,8.0,4.0,16.6,25.75,8.333333333333334,1.3333333333333333,-3.0,7.0
Alec Pierce,WR,IND,SF,11.713000000000001,6.0752283039333985,17.3507716960666,Medium Confidence,51.8673977967506,Volatile,5.6377716960666024,2.6,18.4,20.25,10.791666666666666,3.25,6.0,9.0
Deebo Samuel,WR,WAS,PHI,11.425743589743591,4.222797255261022,18.628689924226162,Low Confidence,36.958620873057654,Volatile,7.2029463344825695,4.2,23.6,19.0,12.792307692307693,5.0,6.5,25.0
Jalen Coker,WR,CAR,TB,11.342142857142859,5.871485196669556,16.81280051761616,Medium Confidence,51.76698328192819,Safe,5.470657660473303,1.9,17.4,21.25,8.914285714285715,3.142857142857143,3.0,4.0
Jaylen Waddle,WR,MIA,CIN,11.268342857142859,4.656762440601318,17.879923273684398,Low Confidence,41.326062755087854,Volatile,6.611580416541541,2.5,23.0,24.0,12.944285714285714,4.214285714285714,2.5,30.0
Rome Odunze,WR,CHI,GB,11.198363636363636,2.4587048121510833,19.93802246057619,Low Confidence,21.955929383888815,Volatile,8.739658824212553,2.8,31.8,22.5,13.281818181818181,4.0,1.5,16.0
Jayden Reed,WR,GB,CHI,11.088000000000001,3.088000000000001,19.088,Low Confidence,27.84992784992785,Volatile,8.0,9.3,13.5,24.0,11.1,4.0,-1.5,22.0
Chris Godwin,WR,TB,CAR,11.077,6.898643066148289,15.255356933851711,Medium Confidence,62.278984076449305,Safe,4.178356933851711,2.9,14.0,24.25,8.233333333333333,3.3333333333333335,-3.0,17.0
Kendrick Bourne,WR,SF,IND,11.0226,3.635005292955255,18.410194707044745,Low Confidence,32.977748380193916,Volatile,7.387594707044745,2.7,24.2,26.25,8.290000000000001,3.3,-6.0,2.0
Rashid Shaheed,WR,SEA,LAR,10.99,5.243613972160208,16.736386027839792,Medium Confidence,47.7125930132867,Volatile,5.746386027839792,0.5,21.4,21.5,9.633333333333333,4.071428571428571,1.5,5.0
DJ Moore,WR,CHI,GB,10.866861538461539,3.3047745927593812,18.428948484163698,Low Confidence,30.411490760811247,Volatile,7.562086945702157,0.6,23.4,22.5,11.113846153846152,3.3076923076923075,1.5,16.0
Isaac TeSlaa,WR,DET,PIT,10.838333333333335,7.223548876873079,14.453117789793591,Medium Confidence,66.64815202404809,Safe,3.6147844564602556,2.1,11.5,29.25,7.333333333333333,1.3333333333333333,-7.0,11.0
Keon Coleman,WR,BUF,CLE,10.565000000000001,4.219765567766627,16.910234432233374,Low Confidence,39.94098975642808,Volatile,6.345234432233374,3.6,25.2,26.25,8.5,3.272727272727273,-10.0,20.0
Romeo Doubs,WR,GB,CHI,10.542769230769233,3.4713297443381705,17.614208717200295,Low Confidence,32.926166440284405,Volatile,7.071439486431062,1.5,29.8,24.0,10.523076923076925,3.6153846153846154,-1.5,22.0
Tom Kennedy,WR,DET,PIT,10.505,2.505000000000001,18.505000000000003,Low Confidence,23.845787720133274,Volatile,8.0,7.6,7.6,29.25,7.6,4.0,-7.0,11.0
Kayshon Boutte,WR,NE,BAL,10.488090909090909,3.1810581821402986,17.79512363604152,Low Confidence,30.33019268914812,Volatile,7.30703272695061,2.8,26.3,22.75,10.645454545454545,2.727272727272727,3.0,14.0
Parker Washington,WR,JAX,DEN,10.450333333333335,5.112737971897229,15.787928694769441,Medium Confidence,48.924161639793574,Safe,5.337595361436106,3.6,18.1,21.25,9.958333333333334,3.5454545454545454,3.0,3.0
Stefon Diggs,WR,NE,BAL,10.398428571428571,4.2155161029064265,16.581341039950715,Low Confidence,40.53993422130402,Volatile,6.182912468522145,4.0,24.6,22.75,11.292857142857143,4.785714285714286,3.0,14.0
Pat Bryant,WR,DEN,JAX,10.237000000000002,6.357567051745837,14.116432948254166,Medium Confidence,62.103810215354464,Safe,3.879432948254164,1.6,13.2,24.25,6.5,2.4444444444444446,-3.0,1.0
Jordan Addison,WR,MIN,NYG,10.223133333333333,5.634548463124315,14.811718203542352,Medium Confidence,55.115670307775645,Safe,4.588584870209019,6.5,21.8,23.25,11.620000000000001,3.9,-3.0,28.0
Marvin Mims,WR,DEN,JAX,10.215666666666667,4.0072962173165605,16.424037116016773,Low Confidence,39.226967246222074,Volatile,6.208370449350107,0.2,20.5,24.25,6.675000000000001,2.9,-3.0,1.0
Tez Johnson,WR,TB,CAR,10.166777777777778,3.6061417991211018,16.727413756434455,Low Confidence,35.469859555731546,Volatile,6.560635978656676,1.5,20.2,24.25,9.377777777777778,2.6666666666666665,-3.0,17.0
David Sills,WR,ATL,ARI,10.162666666666667,5.228128525496141,15.097204807837192,Medium Confidence,51.44445544636717,Safe,4.934538141170526,1.9,13.8,25.0,6.716666666666666,2.3333333333333335,-2.5,18.0
Jayden Higgins,WR,HOU,LV,10.087641025641027,5.190978111746739,14.984303939535314,Medium Confidence,51.45879099535934,Safe,4.896662913894287,1.4,15.2,26.5,7.6692307692307695,2.769230769230769,-14.5,21.0
Marquise Brown,WR,KC,TEN,9.684666666666667,4.25983598923646,15.109497344096873,Low Confidence,43.98536507093473,Safe,5.424830677430207,2.0,20.5,20.5,10.116666666666667,3.5,-3.5,15.0
Cooper Kupp,WR,SEA,LAR,9.678410256410258,5.671653143219771,13.685167369600745,Medium Confidence,58.60108212981869,Safe,4.006757113190487,3.2,16.0,21.5,7.992307692307692,3.1538461538461537,1.5,5.0
Josh Downs,WR,IND,SF,9.647358974358976,4.797206980970072,14.49751096774788,Medium Confidence,49.725598412168814,Safe,4.850151993388904,1.3,16.2,20.25,8.430769230769231,3.6153846153846154,6.0,9.0
Rashod Bateman,WR,BAL,NE,9.581666666666667,4.755695261861206,14.407638071472128,Medium Confidence,49.63327808517523,Safe,4.825971404805461,1.8,17.3,25.75,5.966666666666667,2.0,-3.0,7.0
Xavier Worthy,WR,KC,TEN,9.438121212121214,6.06140952496434,12.814832899278088,Medium Confidence,64.22262851614767,Safe,3.3767116871568743,5.5,17.1,20.5,9.427272727272728,3.6363636363636362,-3.5,15.0
Justin Jefferson,WR,MIN,NYG,9.229761904761904,3.268126315336893,15.191397494186916,Low Confidence,35.40856577947878,Volatile,5.961635589425011,2.4,22.6,23.25,11.542857142857143,4.714285714285714,-3.0,28.0
Tim Patrick,WR,JAX,DEN,9.203857142857142,2.6600487279179807,15.747665557796303,Low Confidence,28.901456059456237,Volatile,6.5438084149391615,0.9,18.8,21.25,6.885714285714286,1.8571428571428572,3.0,3.0
DeAndre Hopkins,WR,BAL,NE,9.197909090909093,5.185587160564113,13.210231021254073,Medium Confidence,56.37789098926162,Safe,4.01232193034498,2.1,14.4,25.75,5.3545454545454545,1.6363636363636365,-3.0,7.0
Andrei Iosivas,WR,CIN,MIA,9.082800000000002,3.734477313815524,14.43112268618448,Low Confidence,41.11592585783595,Safe,5.348322686184479,1.5,18.0,26.5,7.57,2.6,-2.5,26.0
Xavier Hutchinson,WR,HOU,LV,9.006,3.643143739318825,14.368856260681175,Low Confidence,40.45240661024678,Safe,5.362856260681175,0.9,17.9,26.5,6.5249999999999995,2.4545454545454546,-14.5,21.0
Tylan Wallace,WR,BAL,NE,8.941666666666666,0.9416666666666664,16.941666666666666,Low Confidence,10.531220876048465,Volatile,8.0,1.6,10.5,25.75,4.833333333333333,1.3333333333333333,-3.0,7.0
Dontayvion Wicks,WR,GB,CHI,8.89309090909091,1.3887769982308864,16.397404819950935,Low Confidence,15.616358951320493,Volatile,7.504313910860024,1.5,28.0,24.0,6.445454545454546,2.4545454545454546,-1.5,22.0
Jalen Nailor,WR,MIN,NYG,8.764272727272727,1.9823448704944306,15.546200584051025,Low Confidence,22.618475396432558,Volatile,6.781927856778297,2.6,23.4,23.25,8.436363636363636,2.3636363636363638,-3.0,28.0
Tre Tucker,WR,LV,HOU,8.696615384615384,0.0,18.51552048833736,Low Confidence,0.0,Volatile,9.818905103721974,4.2,40.9,12.0,10.538461538461538,3.5384615384615383,14.5,13.0
Tyquan Thornton,WR,KC,TEN,8.643777777777778,3.943304988318782,13.344250567236774,Medium Confidence,45.62015694638279,Safe,4.700472789458996,3.9,18.1,20.5,8.977777777777778,2.111111111111111,-3.5,15.0
Luther Burden,WR,CHI,GB,8.568769230769231,2.8096961215855067,14.327842339952955,Low Confidence,32.789961380874715,Volatile,5.759073109183724,0.7,19.8,22.5,7.123076923076923,2.769230769230769,1.5,16.0
Jalen McMillan,WR,TB,CAR,8.565,0.5649999999999995,16.564999999999998,Low Confidence,6.596614127262114,Volatile,8.0,5.8,5.8,24.25,5.8,2.0,-3.0,17.0
Jalen Tolbert,WR,DAL,LAC,8.530000000000001,4.011519429424681,13.048480570575322,Medium Confidence,47.028363768167424,Safe,4.51848057057532,1.0,12.7,25.5,5.6000000000000005,2.0,-1.5,23.0
Tyrell Shavers,WR,BUF,CLE,8.466333333333333,2.0110512584223796,14.921615408244286,Low Confidence,23.753509095898025,Volatile,6.455282074910953,1.7,19.0,26.25,6.133333333333333,2.0,-10.0,20.0
Xavier Legette,WR,CAR,TB,8.374454545454547,0.8484873771643606,15.900421713744734,Low Confidence,10.131852439570523,Volatile,7.525967168290187,0.8,24.2,21.25,7.327272727272727,2.727272727272727,3.0,4.0
KaVontae Turpin,WR,DAL,LAC,8.306000000000001,4.296135270172428,12.315864729827574,Medium Confidence,51.72327558599118,Safe,4.009864729827573,0.8,15.3,25.5,5.291666666666667,1.9166666666666667,-1.5,23.0
Demarcus Robinson,WR,SF,IND,8.287666666666667,5.975200450697231,10.600132882636103,Medium Confidence,72.09749970675982,Safe,2.312466215969436,0.6,6.9,26.25,4.166666666666667,1.875,-6.0,2.0
Christian Kirk,WR,HOU,LV,8.278,3.0692162099556715,13.48678379004433,Low Confidence,37.07678436766938,Safe,5.208783790044329,1.3,16.4,26.5,6.05,2.75,-14.5,21.0
Darnell Mooney,WR,ATL,ARI,8.266666666666667,3.96849933346029,12.564833999873045,Medium Confidence,48.006040324116405,Safe,4.2981673332063774,1.6,16.4,25.0,5.616666666666667,2.0833333333333335,-2.5,18.0
Mack Hollins,WR,NE,BAL,8.245461538461539,3.767810483013049,12.72311259391003,Medium Confidence,45.69556798534358,Safe,4.47765105544849,1.3,16.6,22.75,7.653846153846154,3.0,3.0,14.0
Devaughn Vele,WR,NO,NYJ,8.215333333333334,1.417355692887611,15.013310973779056,Low Confidence,17.252564629809427,Volatile,6.797977640445723,2.0,23.3,22.5,7.366666666666666,2.7777777777777777,-4.5,29.0
Kalif Raymond,WR,DET,PIT,8.177,5.134708805146076,11.219291194853923,Medium Confidence,62.79453106452337,Safe,3.042291194853924,1.4,9.9,29.25,5.1125,2.0,-7.0,11.0
Darius Slayton,WR,NYG,MIN,8.145,4.448455066627155,11.841544933372845,Medium Confidence,54.61577736804365,Safe,3.696544933372844,3.3,14.1,20.25,8.2,3.0,3.0,27.0
Tutu Atwell,WR,LAR,SEA,8.132000000000001,1.3097936120343023,14.954206387965701,Low Confidence,16.10666025620145,Volatile,6.822206387965699,1.4,15.8,23.0,7.075,1.25,-1.5,6.0
Adonai Mitchell,WR,NYJ,NO,8.0256,0.3866355559292094,15.664564444070791,Low Confidence,4.817528358368335,Volatile,7.638964444070791,1.7,24.2,18.0,7.539999999999999,2.7,4.5,31.0
Matthew Golden,WR,GB,CHI,7.958400000000001,3.850359104390514,12.066440895609489,Medium Confidence,48.38107037080963,Safe,4.108040895609487,1.5,13.2,24.0,6.56,3.0,-1.5,22.0
Charlie Jones,WR,CIN,MIA,7.950000000000001,0.0,15.950000000000001,Low Confidence,0.0,Volatile,8.0,6.0,6.0,26.5,6.0,0.0,-2.5,26.0
Joshua Palmer,WR,BUF,CLE,7.940111111111111,4.995860593388288,10.884361628833934,Medium Confidence,62.91927812442395,Safe,2.944250517722823,1.5,11.1,26.25,5.311111111111111,2.111111111111111,-10.0,20.0
Tyler Johnson,WR,NYJ,NO,7.740000000000002,2.903076046356185,12.576923953643819,Low Confidence,37.507442459382226,Safe,4.836923953643817,5.1,15.4,18.0,8.675,2.5,4.5,31.0
Jaylin Noel,WR,HOU,LV,7.674363636363637,3.1906557551969383,12.158071517530335,Low Confidence,41.57550914161236,Safe,4.483707881166699,-0.3,11.7,26.5,4.681818181818182,2.2,-14.5,21.0
Olamide Zaccheaus,WR,CHI,GB,7.498000000000001,2.887512942313915,12.108487057686087,Low Confidence,38.510442015389636,Safe,4.610487057686086,1.5,17.8,22.5,6.625,3.0833333333333335,1.5,16.0
Cody White,WR,SEA,LAR,7.390000000000001,0.0,15.39,Low Confidence,0.0,Volatile,8.0,1.9,13.0,21.5,6.0,1.0,1.5,5.0
Tre' Harris,WR,LAC,DAL,7.372848484848486,5.028299681579702,9.71739728811727,Medium Confidence,68.20023077801028,Safe,2.344548803268785,2.1,8.8,24.0,4.790909090909091,2.090909090909091,1.5,8.0
Calvin Austin,WR,PIT,DET,7.354600000000001,2.3850370860652603,12.324162913934742,Low Confidence,32.42918834559677,Safe,4.969562913934741,1.5,17.0,22.25,6.99,2.7,7.0,10.0
Kyle Williams,WR,NE,BAL,7.240333333333334,1.5396608583820965,12.941005808284572,Low Confidence,21.265054901460744,Volatile,5.700672474951237,-0.2,14.2,22.75,5.183333333333334,1.0,3.0,14.0
Chimere Dike,WR,TEN,KC,7.119428571428573,0.033938057415036305,14.20491908544211,Low Confidence,0.4766963678972047,Volatile,7.085490514013537,-0.4,21.4,17.0,6.942857142857143,3.1666666666666665,3.5,12.0
DeMario Douglas,WR,NE,BAL,7.116846153846154,1.620507045881327,12.613185261810981,Low Confidence,22.770016533314504,Safe,5.496339107964827,0.5,20.0,22.75,6.7153846153846155,2.25,3.0,14.0
Gabe Davis,WR,BUF,CLE,7.101000000000001,4.7995511809586855,9.402448819041316,Medium Confidence,67.58979271875349,Safe,2.3014488190413154,1.5,7.0,26.25,3.95,1.75,-10.0,20.0
Jahan Dotson,WR,PHI,WAS,7.096222222222223,3.52558580213624,10.666858642308206,Medium Confidence,49.68257323024169,Safe,3.570636420085983,1.3,11.0,25.5,4.322222222222222,1.3333333333333333,-6.5,19.0
Treylon Burks,WR,WAS,PHI,7.089333333333334,0.0,15.089333333333334,Low Confidence,0.0,Volatile,8.0,2.4,8.8,19.0,6.233333333333333,1.6666666666666667,6.5,25.0
Casey Washington,WR,ATL,ARI,7.08,5.411667499167708,8.748332500832293,High Confidence,76.43598162666254,Safe,1.6683325008322927,2.7,6.3,25.0,3.85,1.5,-2.5,18.0
Mitch Tinsley,WR,CIN,MIA,7.0646666666666675,3.515770124547319,10.613563208786015,Medium Confidence,49.765548615843905,Safe,3.5488965421193486,1.9,10.9,26.5,5.266666666666667,1.3333333333333333,-2.5,26.0
Jerry Jeudy,WR,CLE,BUF,7.049615384615386,1.647372260761113,12.451858508469659,Low Confidence,23.3682572861525,Safe,5.402243123854273,2.7,19.8,16.25,7.838461538461539,3.076923076923077,10.0,32.0
Darius Cooper,WR,PHI,WAS,6.9140000000000015,0.0,14.914000000000001,Low Confidence,0.0,Volatile,8.0,2.7,4.9,25.5,3.5,1.6666666666666667,-6.5,19.0
Dylan Drummond,WR,ATL,ARI,6.9013333333333335,0.0,14.901333333333334,Low Confidence,0.0,Volatile,8.0,1.3,5.1,25.0,3.733333333333333,2.3333333333333335,-2.5,18.0
Skyy Moore,WR,SF,IND,6.805,5.615462274662968,7.9945377253370316,High Confidence,82.51965135434193,Safe,1.1895377253370318,0.1,3.1,26.25,2.1,1.0,-6.0,2.0
Chris Moore,WR,WAS,PHI,6.713333333333334,2.3860169979279053,11.040649668738762,Low Confidence,35.541464715907225,Safe,4.3273163354054285,0.9,13.6,19.0,6.016666666666667,2.0,6.5,25.0
Dyami Brown,WR,JAX,DEN,6.7010000000000005,1.0655414687762228,12.336458531223778,Low Confidence,15.90123069357145,Volatile,5.635458531223778,-1.6,17.6,21.25,5.987500000000001,2.7142857142857144,3.0,3.0
Elic Ayomanor,WR,TEN,KC,6.605846153846154,2.326273325894328,10.88541898179798,Low Confidence,35.21537244006039,Safe,4.279572827951826,1.5,15.6,17.0,6.615384615384615,2.3846153846153846,3.5,12.0
Isaiah Williams,WR,NYJ,NO,6.514666666666668,1.2373883277246458,11.791945005608689,Low Confidence,18.99388550539264,Safe,5.277278338942022,-2.0,11.3,18.0,6.216666666666668,2.6,4.5,31.0
Brycen Tremayne,WR,CAR,TB,6.498333333333333,4.028178142527163,8.968488524139502,Medium Confidence,61.9878657480456,Safe,2.47015519080617,1.8,7.8,21.25,4.216666666666667,2.0,3.0,4.0
Malik Washington,WR,MIA,CIN,6.353904761904763,3.4258667509823315,9.281942772827195,Medium Confidence,53.917502376213314,Safe,2.9280380109224318,2.0,13.6,24.0,6.6571428571428575,2.9285714285714284,2.5,30.0
Marquez Valdes-Scantling,WR,PIT,DET,6.353,3.053126265041847,9.652873734958153,Medium Confidence,48.058024005066066,Safe,3.299873734958153,1.9,8.9,22.25,4.225,1.25,7.0,10.0
John Metchie,WR,NYJ,NO,6.019555555555556,0.0,12.081825024253819,Low Confidence,0.0,Volatile,6.062269468698263,0.6,18.5,18.0,6.488888888888889,2.888888888888889,4.5,31.0
JuJu Smith-Schuster,WR,KC,TEN,5.978727272727273,1.6791289828232676,10.278325562631277,Low Confidence,28.085057341264402,Safe,4.299598289904005,1.2,13.6,20.5,5.763636363636364,2.4545454545454546,-3.5,15.0
Bo Melton,WR,GB,CHI,5.974400000000001,1.4436164033138823,10.50518359668612,Low Confidence,24.163370435757273,Safe,4.530783596686119,0.3,11.5,24.0,3.96,1.5,-1.5,22.0
Konata Mumpfield,WR,LAR,SEA,5.972,3.1506528040668234,8.793347195933178,Medium Confidence,52.757079773389535,Safe,2.821347195933177,1.5,7.5,23.0,3.8,1.25,-1.5,6.0
Jordan Whittington,WR,LAR,SEA,5.677600000000001,3.730408289983867,7.624791710016135,Medium Confidence,65.70396452698088,Safe,1.947191710016134,0.5,6.2,23.0,3.34,1.8888888888888888,-1.5,6.0
Van Jefferson,WR,TEN,KC,5.54,1.95814336276604,9.121856637233961,Low Confidence,35.345548064368955,Safe,3.58185663723396,1.6,11.5,17.0,4.833333333333333,2.0,3.5,12.0
Jaylin Lane,WR,WAS,PHI,5.484000000000001,3.0486542153301746,7.919345784669828,Medium Confidence,55.59179823723877,Safe,2.4353457846698263,1.0,9.0,19.0,4.1000000000000005,1.4545454545454546,6.5,25.0
Ben Skowronek,WR,PIT,DET,5.457000000000001,1.6217468575507743,9.292253142449226,Low Confidence,29.718652328216493,Safe,3.8352531424492264,2.3,10.2,22.25,4.475,1.0,7.0,10.0
Isaiah Hodgins,WR,NYG,MIN,5.361000000000001,0.0,11.195595101633018,Low Confidence,0.0,Volatile,5.834595101633017,1.4,12.2,20.25,6.425,2.25,3.0,27.0
Jimmy Horn,WR,CAR,TB,5.298714285714286,3.1894377227554083,7.4079908486731645,Medium Confidence,60.19267223662844,Safe,2.109276562958878,0.9,6.7,21.25,2.9714285714285715,1.3333333333333333,3.0,4.0
Cedric Tillman,WR,CLE,BUF,5.1290000000000004,0.03518372085189192,10.222816279148109,Low Confidence,0.6859762302961911,Safe,5.0938162791481085,1.5,16.2,16.25,6.2124999999999995,2.25,10.0,32.0
James Proche,WR,TEN,KC,5.1080000000000005,0.0,13.108,Low Confidence,0.0,Volatile,8.0,2.3,7.2,17.0,4.75,2.0,3.5,12.0
Jack Bech,WR,LV,HOU,5.096,2.2648278550597256,7.927172144940275,Low Confidence,44.443246763338415,Safe,2.8311721449402745,2.0,11.0,12.0,4.5125,2.25,14.5,13.0
Tyler Lockett,WR,LV,HOU,5.056484848484849,1.8067296129464725,8.306240084023225,Low Confidence,35.730940902311815,Safe,3.2497552355383763,1.0,10.2,12.0,5.009090909090909,2.5454545454545454,14.5,13.0
Isaiah Bond,WR,CLE,BUF,4.826600000000001,1.4828828402443426,8.170317159755658,Low Confidence,30.723135131238195,Safe,3.3437171597556583,0.8,10.9,16.25,4.74,1.7777777777777777,10.0,32.0
Jake Bobo,WR,SEA,LAR,4.75,0.0,12.75,Low Confidence,0.0,Volatile,8.0,1.3,2.7,21.5,2.0,1.0,1.5,5.0
Jalen Brooks,WR,ARI,ATL,4.690000000000001,0.0,12.690000000000001,Low Confidence,0.0,Volatile,8.0,0.9,5.2,22.5,3.0500000000000003,1.5,2.5,24.0
Jalin Hyatt,WR,NYG,MIN,4.425000000000001,0.0,12.425,Low Confidence,0.0,Volatile,8.0,3.8,4.7,20.25,4.25,2.5,3.0,27.0
Xavier Weaver,WR,ARI,ATL,4.41,0.0,12.41,Low Confidence,0.0,Volatile,8.0,1.9,3.5,22.5,2.7,1.5,2.5,24.0
Mason Tipton,WR,NO,NYJ,4.354000000000001,0.0,12.354000000000001,Low Confidence,0.0,Volatile,8.0,1.1,6.3,22.5,4.1000000000000005,2.3333333333333335,-4.5,29.0
Devin Duvernay,WR,CHI,GB,4.266,0.0,12.266,Low Confidence,0.0,Volatile,8.0,1.2,3.4,22.5,2.3,1.0,1.5,16.0
Adam Thielen,WR,PIT,DET,4.073,2.930321442524502,5.215678557475499,Medium Confidence,71.94503909954582,Safe,1.1426785574754983,1.4,4.6,22.25,2.5,1.4285714285714286,7.0,10.0
Anthony Gould,WR,IND,SF,4.0649999999999995,0.0,12.065,Low Confidence,0.0,Volatile,8.0,1.3,1.3,20.25,1.3,1.0,6.0,9.0
Britain Covey,WR,PHI,WAS,4.050000000000001,0.0,12.05,Low Confidence,0.0,Volatile,8.0,0.0,0.0,25.5,0.0,0.0,-6.5,19.0
Dont'e Thornton,WR,LV,HOU,3.701333333333334,1.7669945143394465,5.635672152327221,Medium Confidence,47.73940510643316,Safe,1.9343388189938873,1.4,6.5,12.0,3.3833333333333333,1.3333333333333333,14.5,13.0
Nick Westbrook-Ikhine,WR,MIA,CIN,3.6742857142857144,2.290020394272793,5.058551034298636,Medium Confidence,62.32559393432951,Safe,1.3842653200129216,1.1,4.6,24.0,2.8428571428571425,1.5714285714285714,2.5,30.0
Dee Eskridge,WR,MIA,CIN,3.586666666666668,0.0,11.586666666666668,Low Confidence,0.0,Volatile,8.0,1.8,4.5,24.0,2.733333333333333,1.3333333333333333,2.5,30.0
Gunner Olszewski,WR,NYG,MIN,3.4186000000000005,0.0,11.418600000000001,Low Confidence,0.0,Volatile,8.0,-2.0,9.4,20.25,4.24,1.0,3.0,27.0
Derius Davis,WR,LAC,DAL,3.346666666666667,0.0,11.346666666666668,Low Confidence,0.0,Volatile,8.0,-1.8,1.3,24.0,-0.06666666666666667,1.0,1.5,8.0
Dante Pettis,WR,NO,NYJ,3.17,0.0,11.17,Low Confidence,0.0,Volatile,8.0,2.4,2.4,22.5,2.4,1.0,-4.5,29.0
Laquon Treadwell,WR,IND,SF,3.025,0.0,11.025,Low Confidence,0.0,Volatile,8.0,0.0,0.0,20.25,0.0,0.0,6.0,9.0
Cedrick Wilson,WR,MIA,CIN,2.9893333333333336,0.0,10.989333333333335,Low Confidence,0.0,Volatile,8.0,1.2,2.6,24.0,1.8333333333333333,1.0,2.5,30.0
Tai Felton,WR,MIN,NYG,2.8930000000000002,0.0,10.893,Low Confidence,0.0,Volatile,8.0,1.9,2.0,23.25,1.95,1.0,-3.0,28.0
Alex Bachman,WR,LV,HOU,2.72,0.0,10.72,Low Confidence,0.0,Volatile,8.0,1.9,1.9,12.0,1.9,1.0,14.5,13.0
Gage Larvadain,WR,CLE,BUF,2.6335333333333337,1.0565108223969806,4.210555844269686,Low Confidence,40.117617234019455,Safe,1.5770225109363532,0.3,4.2,16.25,2.48,1.75,10.0,32.0
Arian Smith,WR,NYJ,NO,2.1485714285714286,1.185194431702997,3.11194842543986,Medium Confidence,55.16197487979374,Safe,0.9633769968684316,0.8,3.3,18.0,1.6857142857142857,1.2,4.5,31.0
Malachi Corley,WR,CLE,BUF,2.091666666666667,0.8547349789813685,3.328598354351965,Low Confidence,40.8638236963204,Safe,1.2369316876852983,0.2,3.7,16.25,2.033333333333333,1.5,10.0,32.0
